"Soort misdrijf";"Perioden";"Regio's";"Geregistreerde misdrijven/Totaal geregistreerde misdrijven (aantal)"
"Misdrijven, totaal";"2010";"Amsterdam";100125
"Misdrijven, totaal";"2011";"Amsterdam";103375
"Misdrijven, totaal";"2012";"Amsterdam";101505
"Misdrijven, totaal";"2013";"Amsterdam";101650
"Misdrijven, totaal";"2014";"Amsterdam";96475
"Misdrijven, totaal";"2015";"Amsterdam";96185
"Misdrijven, totaal";"2016";"Amsterdam";91695
"Misdrijven, totaal";"2017";"Amsterdam";86745
"Misdrijven, totaal";"2018";"Amsterdam";81885
"Misdrijven, totaal";"2019";"Amsterdam";82040
"Misdrijven, totaal";"2020";"Amsterdam";71430
"Misdrijven, totaal";"2021";"Amsterdam";64900
"Misdrijven, totaal";"2022*";"Amsterdam";76740
"Misdrijven, totaal";"2023*";"Amsterdam";81990
"1 Vermogensmisdrijven";"2010";"Amsterdam";69985
"1 Vermogensmisdrijven";"2011";"Amsterdam";72390
"1 Vermogensmisdrijven";"2012";"Amsterdam";73635
"1 Vermogensmisdrijven";"2013";"Amsterdam";75520
"1 Vermogensmisdrijven";"2014";"Amsterdam";70465
"1 Vermogensmisdrijven";"2015";"Amsterdam";70930
"1 Vermogensmisdrijven";"2016";"Amsterdam";65955
"1 Vermogensmisdrijven";"2017";"Amsterdam";61275
"1 Vermogensmisdrijven";"2018";"Amsterdam";57085
"1 Vermogensmisdrijven";"2019";"Amsterdam";56330
"1 Vermogensmisdrijven";"2020";"Amsterdam";47375
"1 Vermogensmisdrijven";"2021";"Amsterdam";39880
"1 Vermogensmisdrijven";"2022*";"Amsterdam";50025
"1 Vermogensmisdrijven";"2023*";"Amsterdam";55320
"11 Diefstal/verduistering en inbraak";"2010";"Amsterdam";65350
"11 Diefstal/verduistering en inbraak";"2011";"Amsterdam";67015
"11 Diefstal/verduistering en inbraak";"2012";"Amsterdam";68260
"11 Diefstal/verduistering en inbraak";"2013";"Amsterdam";71425
"11 Diefstal/verduistering en inbraak";"2014";"Amsterdam";66450
"11 Diefstal/verduistering en inbraak";"2015";"Amsterdam";65525
"11 Diefstal/verduistering en inbraak";"2016";"Amsterdam";60115
"11 Diefstal/verduistering en inbraak";"2017";"Amsterdam";55490
"11 Diefstal/verduistering en inbraak";"2018";"Amsterdam";51095
"11 Diefstal/verduistering en inbraak";"2019";"Amsterdam";49295
"11 Diefstal/verduistering en inbraak";"2020";"Amsterdam";38765
"11 Diefstal/verduistering en inbraak";"2021";"Amsterdam";31860
"11 Diefstal/verduistering en inbraak";"2022*";"Amsterdam";43820
"11 Diefstal/verduistering en inbraak";"2023*";"Amsterdam";48965
"111 Diefstal en inbraak met geweld";"2010";"Amsterdam";2875
"111 Diefstal en inbraak met geweld";"2011";"Amsterdam";2810
"111 Diefstal en inbraak met geweld";"2012";"Amsterdam";2875
"111 Diefstal en inbraak met geweld";"2013";"Amsterdam";2955
"111 Diefstal en inbraak met geweld";"2014";"Amsterdam";2315
"111 Diefstal en inbraak met geweld";"2015";"Amsterdam";2070
"111 Diefstal en inbraak met geweld";"2016";"Amsterdam";1980
"111 Diefstal en inbraak met geweld";"2017";"Amsterdam";1805
"111 Diefstal en inbraak met geweld";"2018";"Amsterdam";1890
"111 Diefstal en inbraak met geweld";"2019";"Amsterdam";1965
"111 Diefstal en inbraak met geweld";"2020";"Amsterdam";1430
"111 Diefstal en inbraak met geweld";"2021";"Amsterdam";1200
"111 Diefstal en inbraak met geweld";"2022*";"Amsterdam";1295
"111 Diefstal en inbraak met geweld";"2023*";"Amsterdam";1335
"112 Diefstal en inbraak zonder geweld";"2010";"Amsterdam";62475
"112 Diefstal en inbraak zonder geweld";"2011";"Amsterdam";64205
"112 Diefstal en inbraak zonder geweld";"2012";"Amsterdam";65385
"112 Diefstal en inbraak zonder geweld";"2013";"Amsterdam";68465
"112 Diefstal en inbraak zonder geweld";"2014";"Amsterdam";64135
"112 Diefstal en inbraak zonder geweld";"2015";"Amsterdam";63455
"112 Diefstal en inbraak zonder geweld";"2016";"Amsterdam";58130
"112 Diefstal en inbraak zonder geweld";"2017";"Amsterdam";53685
"112 Diefstal en inbraak zonder geweld";"2018";"Amsterdam";49205
"112 Diefstal en inbraak zonder geweld";"2019";"Amsterdam";47325
"112 Diefstal en inbraak zonder geweld";"2020";"Amsterdam";37335
"112 Diefstal en inbraak zonder geweld";"2021";"Amsterdam";30665
"112 Diefstal en inbraak zonder geweld";"2022*";"Amsterdam";42525
"112 Diefstal en inbraak zonder geweld";"2023*";"Amsterdam";47630
"12 Bedrog";"2010";"Amsterdam";2385
"12 Bedrog";"2011";"Amsterdam";2510
"12 Bedrog";"2012";"Amsterdam";2750
"12 Bedrog";"2013";"Amsterdam";2110
"12 Bedrog";"2014";"Amsterdam";2030
"12 Bedrog";"2015";"Amsterdam";2625
"12 Bedrog";"2016";"Amsterdam";2735
"12 Bedrog";"2017";"Amsterdam";2480
"12 Bedrog";"2018";"Amsterdam";2495
"12 Bedrog";"2019";"Amsterdam";3145
"12 Bedrog";"2020";"Amsterdam";3300
"12 Bedrog";"2021";"Amsterdam";2740
"12 Bedrog";"2022*";"Amsterdam";2185
"12 Bedrog";"2023*";"Amsterdam";2475
"121 Oplichting";"2010";"Amsterdam";2320
"121 Oplichting";"2011";"Amsterdam";2445
"121 Oplichting";"2012";"Amsterdam";2675
"121 Oplichting";"2013";"Amsterdam";2035
"121 Oplichting";"2014";"Amsterdam";1935
"121 Oplichting";"2015";"Amsterdam";2450
"121 Oplichting";"2016";"Amsterdam";2465
"121 Oplichting";"2017";"Amsterdam";2235
"121 Oplichting";"2018";"Amsterdam";2275
"121 Oplichting";"2019";"Amsterdam";2895
"121 Oplichting";"2020";"Amsterdam";3120
"121 Oplichting";"2021";"Amsterdam";2560
"121 Oplichting";"2022*";"Amsterdam";2040
"121 Oplichting";"2023*";"Amsterdam";2305
"123 Bedrog (overig)";"2010";"Amsterdam";15
"123 Bedrog (overig)";"2011";"Amsterdam";15
"123 Bedrog (overig)";"2012";"Amsterdam";10
"123 Bedrog (overig)";"2013";"Amsterdam";15
"123 Bedrog (overig)";"2014";"Amsterdam";15
"123 Bedrog (overig)";"2015";"Amsterdam";145
"123 Bedrog (overig)";"2016";"Amsterdam";270
"123 Bedrog (overig)";"2017";"Amsterdam";245
"123 Bedrog (overig)";"2018";"Amsterdam";225
"123 Bedrog (overig)";"2019";"Amsterdam";250
"123 Bedrog (overig)";"2020";"Amsterdam";185
"123 Bedrog (overig)";"2021";"Amsterdam";180
"123 Bedrog (overig)";"2022*";"Amsterdam";145
"123 Bedrog (overig)";"2023*";"Amsterdam";170
"13 Valsheidsmisdrijven";"2010";"Amsterdam";1495
"13 Valsheidsmisdrijven";"2011";"Amsterdam";1995
"13 Valsheidsmisdrijven";"2012";"Amsterdam";1740
"13 Valsheidsmisdrijven";"2013";"Amsterdam";1140
"13 Valsheidsmisdrijven";"2014";"Amsterdam";1020
"13 Valsheidsmisdrijven";"2015";"Amsterdam";1845
"13 Valsheidsmisdrijven";"2016";"Amsterdam";2215
"13 Valsheidsmisdrijven";"2017";"Amsterdam";2515
"13 Valsheidsmisdrijven";"2018";"Amsterdam";2575
"13 Valsheidsmisdrijven";"2019";"Amsterdam";2830
"13 Valsheidsmisdrijven";"2020";"Amsterdam";4150
"13 Valsheidsmisdrijven";"2021";"Amsterdam";4160
"13 Valsheidsmisdrijven";"2022*";"Amsterdam";2785
"13 Valsheidsmisdrijven";"2023*";"Amsterdam";2525
"131 Muntmisdrijf";"2010";"Amsterdam";130
"131 Muntmisdrijf";"2011";"Amsterdam";120
"131 Muntmisdrijf";"2012";"Amsterdam";90
"131 Muntmisdrijf";"2013";"Amsterdam";80
"131 Muntmisdrijf";"2014";"Amsterdam";125
"131 Muntmisdrijf";"2015";"Amsterdam";235
"131 Muntmisdrijf";"2016";"Amsterdam";205
"131 Muntmisdrijf";"2017";"Amsterdam";135
"131 Muntmisdrijf";"2018";"Amsterdam";105
"131 Muntmisdrijf";"2019";"Amsterdam";85
"131 Muntmisdrijf";"2020";"Amsterdam";65
"131 Muntmisdrijf";"2021";"Amsterdam";35
"131 Muntmisdrijf";"2022*";"Amsterdam";10
"131 Muntmisdrijf";"2023*";"Amsterdam";20
"132 Valsheid in zegels en merken";"2010";"Amsterdam";40
"132 Valsheid in zegels en merken";"2011";"Amsterdam";45
"132 Valsheid in zegels en merken";"2012";"Amsterdam";45
"132 Valsheid in zegels en merken";"2013";"Amsterdam";25
"132 Valsheid in zegels en merken";"2014";"Amsterdam";25
"132 Valsheid in zegels en merken";"2015";"Amsterdam";25
"132 Valsheid in zegels en merken";"2016";"Amsterdam";30
"132 Valsheid in zegels en merken";"2017";"Amsterdam";10
"132 Valsheid in zegels en merken";"2018";"Amsterdam";20
"132 Valsheid in zegels en merken";"2019";"Amsterdam";5
"132 Valsheid in zegels en merken";"2020";"Amsterdam";10
"132 Valsheid in zegels en merken";"2021";"Amsterdam";30
"132 Valsheid in zegels en merken";"2022*";"Amsterdam";15
"132 Valsheid in zegels en merken";"2023*";"Amsterdam";15
"133 Valsheid in geschriften";"2010";"Amsterdam";1320
"133 Valsheid in geschriften";"2011";"Amsterdam";1835
"133 Valsheid in geschriften";"2012";"Amsterdam";1600
"133 Valsheid in geschriften";"2013";"Amsterdam";1035
"133 Valsheid in geschriften";"2014";"Amsterdam";870
"133 Valsheid in geschriften";"2015";"Amsterdam";1585
"133 Valsheid in geschriften";"2016";"Amsterdam";1975
"133 Valsheid in geschriften";"2017";"Amsterdam";2370
"133 Valsheid in geschriften";"2018";"Amsterdam";2455
"133 Valsheid in geschriften";"2019";"Amsterdam";2740
"133 Valsheid in geschriften";"2020";"Amsterdam";4070
"133 Valsheid in geschriften";"2021";"Amsterdam";4100
"133 Valsheid in geschriften";"2022*";"Amsterdam";2760
"133 Valsheid in geschriften";"2023*";"Amsterdam";2485
"14 Heling";"2010";"Amsterdam";585
"14 Heling";"2011";"Amsterdam";655
"14 Heling";"2012";"Amsterdam";685
"14 Heling";"2013";"Amsterdam";625
"14 Heling";"2014";"Amsterdam";725
"14 Heling";"2015";"Amsterdam";675
"14 Heling";"2016";"Amsterdam";640
"14 Heling";"2017";"Amsterdam";555
"14 Heling";"2018";"Amsterdam";630
"14 Heling";"2019";"Amsterdam";720
"14 Heling";"2020";"Amsterdam";725
"14 Heling";"2021";"Amsterdam";695
"14 Heling";"2022*";"Amsterdam";895
"14 Heling";"2023*";"Amsterdam";1000
"15 Afpersing en afdreiging";"2010";"Amsterdam";105
"15 Afpersing en afdreiging";"2011";"Amsterdam";125
"15 Afpersing en afdreiging";"2012";"Amsterdam";95
"15 Afpersing en afdreiging";"2013";"Amsterdam";135
"15 Afpersing en afdreiging";"2014";"Amsterdam";145
"15 Afpersing en afdreiging";"2015";"Amsterdam";160
"15 Afpersing en afdreiging";"2016";"Amsterdam";170
"15 Afpersing en afdreiging";"2017";"Amsterdam";135
"15 Afpersing en afdreiging";"2018";"Amsterdam";165
"15 Afpersing en afdreiging";"2019";"Amsterdam";155
"15 Afpersing en afdreiging";"2020";"Amsterdam";225
"15 Afpersing en afdreiging";"2021";"Amsterdam";195
"15 Afpersing en afdreiging";"2022*";"Amsterdam";165
"15 Afpersing en afdreiging";"2023*";"Amsterdam";205
"16 Bankbreuk";"2010";"Amsterdam";15
"16 Bankbreuk";"2011";"Amsterdam";30
"16 Bankbreuk";"2012";"Amsterdam";40
"16 Bankbreuk";"2013";"Amsterdam";15
"16 Bankbreuk";"2014";"Amsterdam";10
"16 Bankbreuk";"2015";"Amsterdam";25
"16 Bankbreuk";"2016";"Amsterdam";15
"16 Bankbreuk";"2017";"Amsterdam";20
"16 Bankbreuk";"2018";"Amsterdam";15
"16 Bankbreuk";"2019";"Amsterdam";20
"16 Bankbreuk";"2020";"Amsterdam";15
"16 Bankbreuk";"2021";"Amsterdam";10
"16 Bankbreuk";"2022*";"Amsterdam";0
"16 Bankbreuk";"2023*";"Amsterdam";5
"17 Witwassen";"2010";"Amsterdam";55
"17 Witwassen";"2011";"Amsterdam";55
"17 Witwassen";"2012";"Amsterdam";65
"17 Witwassen";"2013";"Amsterdam";70
"17 Witwassen";"2014";"Amsterdam";75
"17 Witwassen";"2015";"Amsterdam";70
"17 Witwassen";"2016";"Amsterdam";70
"17 Witwassen";"2017";"Amsterdam";80
"17 Witwassen";"2018";"Amsterdam";110
"17 Witwassen";"2019";"Amsterdam";170
"17 Witwassen";"2020";"Amsterdam";195
"17 Witwassen";"2021";"Amsterdam";215
"17 Witwassen";"2022*";"Amsterdam";180
"17 Witwassen";"2023*";"Amsterdam";145
"2 Vernielingen,misdropenborde/gezag";"2010";"Amsterdam";10525
"2 Vernielingen,misdropenborde/gezag";"2011";"Amsterdam";10120
"2 Vernielingen,misdropenborde/gezag";"2012";"Amsterdam";8055
"2 Vernielingen,misdropenborde/gezag";"2013";"Amsterdam";7390
"2 Vernielingen,misdropenborde/gezag";"2014";"Amsterdam";7360
"2 Vernielingen,misdropenborde/gezag";"2015";"Amsterdam";7065
"2 Vernielingen,misdropenborde/gezag";"2016";"Amsterdam";7395
"2 Vernielingen,misdropenborde/gezag";"2017";"Amsterdam";7645
"2 Vernielingen,misdropenborde/gezag";"2018";"Amsterdam";6940
"2 Vernielingen,misdropenborde/gezag";"2019";"Amsterdam";7230
"2 Vernielingen,misdropenborde/gezag";"2020";"Amsterdam";7085
"2 Vernielingen,misdropenborde/gezag";"2021";"Amsterdam";8045
"2 Vernielingen,misdropenborde/gezag";"2022*";"Amsterdam";7785
"2 Vernielingen,misdropenborde/gezag";"2023*";"Amsterdam";7865
"21 Vernieling en beschadiging";"2010";"Amsterdam";6260
"21 Vernieling en beschadiging";"2011";"Amsterdam";5900
"21 Vernieling en beschadiging";"2012";"Amsterdam";5705
"21 Vernieling en beschadiging";"2013";"Amsterdam";5200
"21 Vernieling en beschadiging";"2014";"Amsterdam";5070
"21 Vernieling en beschadiging";"2015";"Amsterdam";4930
"21 Vernieling en beschadiging";"2016";"Amsterdam";4920
"21 Vernieling en beschadiging";"2017";"Amsterdam";4855
"21 Vernieling en beschadiging";"2018";"Amsterdam";4240
"21 Vernieling en beschadiging";"2019";"Amsterdam";4420
"21 Vernieling en beschadiging";"2020";"Amsterdam";4450
"21 Vernieling en beschadiging";"2021";"Amsterdam";4140
"21 Vernieling en beschadiging";"2022*";"Amsterdam";4740
"21 Vernieling en beschadiging";"2023*";"Amsterdam";4730
"211 Vernieling aan auto";"2010";"Amsterdam";2865
"211 Vernieling aan auto";"2011";"Amsterdam";2525
"211 Vernieling aan auto";"2012";"Amsterdam";2445
"211 Vernieling aan auto";"2013";"Amsterdam";2185
"211 Vernieling aan auto";"2014";"Amsterdam";2095
"211 Vernieling aan auto";"2015";"Amsterdam";1975
"211 Vernieling aan auto";"2016";"Amsterdam";2040
"211 Vernieling aan auto";"2017";"Amsterdam";1825
"211 Vernieling aan auto";"2018";"Amsterdam";1665
"211 Vernieling aan auto";"2019";"Amsterdam";1575
"211 Vernieling aan auto";"2020";"Amsterdam";1490
"211 Vernieling aan auto";"2021";"Amsterdam";1430
"211 Vernieling aan auto";"2022*";"Amsterdam";1745
"211 Vernieling aan auto";"2023*";"Amsterdam";1745
"212 Vernieling aan openbaar gebouw";"2010";"Amsterdam";260
"212 Vernieling aan openbaar gebouw";"2011";"Amsterdam";210
"212 Vernieling aan openbaar gebouw";"2012";"Amsterdam";115
"212 Vernieling aan openbaar gebouw";"2013";"Amsterdam";125
"212 Vernieling aan openbaar gebouw";"2014";"Amsterdam";105
"212 Vernieling aan openbaar gebouw";"2015";"Amsterdam";105
"212 Vernieling aan openbaar gebouw";"2016";"Amsterdam";105
"212 Vernieling aan openbaar gebouw";"2017";"Amsterdam";85
"212 Vernieling aan openbaar gebouw";"2018";"Amsterdam";80
"212 Vernieling aan openbaar gebouw";"2019";"Amsterdam";65
"212 Vernieling aan openbaar gebouw";"2020";"Amsterdam";75
"212 Vernieling aan openbaar gebouw";"2021";"Amsterdam";75
"212 Vernieling aan openbaar gebouw";"2022*";"Amsterdam";90
"212 Vernieling aan openbaar gebouw";"2023*";"Amsterdam";100
"213 Vernieling middel openb vervoer";"2010";"Amsterdam";85
"213 Vernieling middel openb vervoer";"2011";"Amsterdam";145
"213 Vernieling middel openb vervoer";"2012";"Amsterdam";180
"213 Vernieling middel openb vervoer";"2013";"Amsterdam";160
"213 Vernieling middel openb vervoer";"2014";"Amsterdam";195
"213 Vernieling middel openb vervoer";"2015";"Amsterdam";160
"213 Vernieling middel openb vervoer";"2016";"Amsterdam";115
"213 Vernieling middel openb vervoer";"2017";"Amsterdam";470
"213 Vernieling middel openb vervoer";"2018";"Amsterdam";245
"213 Vernieling middel openb vervoer";"2019";"Amsterdam";260
"213 Vernieling middel openb vervoer";"2020";"Amsterdam";330
"213 Vernieling middel openb vervoer";"2021";"Amsterdam";205
"213 Vernieling middel openb vervoer";"2022*";"Amsterdam";290
"213 Vernieling middel openb vervoer";"2023*";"Amsterdam";175
"215 Vernieling, beschadiging (overig)";"2010";"Amsterdam";3045
"215 Vernieling, beschadiging (overig)";"2011";"Amsterdam";3015
"215 Vernieling, beschadiging (overig)";"2012";"Amsterdam";2970
"215 Vernieling, beschadiging (overig)";"2013";"Amsterdam";2730
"215 Vernieling, beschadiging (overig)";"2014";"Amsterdam";2675
"215 Vernieling, beschadiging (overig)";"2015";"Amsterdam";2690
"215 Vernieling, beschadiging (overig)";"2016";"Amsterdam";2655
"215 Vernieling, beschadiging (overig)";"2017";"Amsterdam";2475
"215 Vernieling, beschadiging (overig)";"2018";"Amsterdam";2250
"215 Vernieling, beschadiging (overig)";"2019";"Amsterdam";2515
"215 Vernieling, beschadiging (overig)";"2020";"Amsterdam";2555
"215 Vernieling, beschadiging (overig)";"2021";"Amsterdam";2425
"215 Vernieling, beschadiging (overig)";"2022*";"Amsterdam";2610
"215 Vernieling, beschadiging (overig)";"2023*";"Amsterdam";2705
"22 Openbare orde misdrijf";"2010";"Amsterdam";2860
"22 Openbare orde misdrijf";"2011";"Amsterdam";2765
"22 Openbare orde misdrijf";"2012";"Amsterdam";1175
"22 Openbare orde misdrijf";"2013";"Amsterdam";1060
"22 Openbare orde misdrijf";"2014";"Amsterdam";1115
"22 Openbare orde misdrijf";"2015";"Amsterdam";955
"22 Openbare orde misdrijf";"2016";"Amsterdam";1080
"22 Openbare orde misdrijf";"2017";"Amsterdam";935
"22 Openbare orde misdrijf";"2018";"Amsterdam";1070
"22 Openbare orde misdrijf";"2019";"Amsterdam";1200
"22 Openbare orde misdrijf";"2020";"Amsterdam";1485
"22 Openbare orde misdrijf";"2021";"Amsterdam";2120
"22 Openbare orde misdrijf";"2022*";"Amsterdam";1825
"22 Openbare orde misdrijf";"2023*";"Amsterdam";1800
"221 Openlijke geweldpleging";"2010";"Amsterdam";670
"221 Openlijke geweldpleging";"2011";"Amsterdam";585
"221 Openlijke geweldpleging";"2012";"Amsterdam";490
"221 Openlijke geweldpleging";"2013";"Amsterdam";470
"221 Openlijke geweldpleging";"2014";"Amsterdam";380
"221 Openlijke geweldpleging";"2015";"Amsterdam";305
"221 Openlijke geweldpleging";"2016";"Amsterdam";330
"221 Openlijke geweldpleging";"2017";"Amsterdam";295
"221 Openlijke geweldpleging";"2018";"Amsterdam";260
"221 Openlijke geweldpleging";"2019";"Amsterdam";335
"221 Openlijke geweldpleging";"2020";"Amsterdam";205
"221 Openlijke geweldpleging";"2021";"Amsterdam";385
"221 Openlijke geweldpleging";"2022*";"Amsterdam";360
"221 Openlijke geweldpleging";"2023*";"Amsterdam";370
"2211 Openlijk geweld tegen persoon";"2010";"Amsterdam";510
"2211 Openlijk geweld tegen persoon";"2011";"Amsterdam";435
"2211 Openlijk geweld tegen persoon";"2012";"Amsterdam";370
"2211 Openlijk geweld tegen persoon";"2013";"Amsterdam";380
"2211 Openlijk geweld tegen persoon";"2014";"Amsterdam";300
"2211 Openlijk geweld tegen persoon";"2015";"Amsterdam";250
"2211 Openlijk geweld tegen persoon";"2016";"Amsterdam";280
"2211 Openlijk geweld tegen persoon";"2017";"Amsterdam";240
"2211 Openlijk geweld tegen persoon";"2018";"Amsterdam";235
"2211 Openlijk geweld tegen persoon";"2019";"Amsterdam";275
"2211 Openlijk geweld tegen persoon";"2020";"Amsterdam";175
"2211 Openlijk geweld tegen persoon";"2021";"Amsterdam";320
"2211 Openlijk geweld tegen persoon";"2022*";"Amsterdam";320
"2211 Openlijk geweld tegen persoon";"2023*";"Amsterdam";320
"2212 Openlijke geweld tegen goed";"2010";"Amsterdam";155
"2212 Openlijke geweld tegen goed";"2011";"Amsterdam";150
"2212 Openlijke geweld tegen goed";"2012";"Amsterdam";115
"2212 Openlijke geweld tegen goed";"2013";"Amsterdam";85
"2212 Openlijke geweld tegen goed";"2014";"Amsterdam";80
"2212 Openlijke geweld tegen goed";"2015";"Amsterdam";55
"2212 Openlijke geweld tegen goed";"2016";"Amsterdam";50
"2212 Openlijke geweld tegen goed";"2017";"Amsterdam";55
"2212 Openlijke geweld tegen goed";"2018";"Amsterdam";25
"2212 Openlijke geweld tegen goed";"2019";"Amsterdam";60
"2212 Openlijke geweld tegen goed";"2020";"Amsterdam";30
"2212 Openlijke geweld tegen goed";"2021";"Amsterdam";70
"2212 Openlijke geweld tegen goed";"2022*";"Amsterdam";40
"2212 Openlijke geweld tegen goed";"2023*";"Amsterdam";50
"222 Huisvredebreuk";"2010";"Amsterdam";320
"222 Huisvredebreuk";"2011";"Amsterdam";270
"222 Huisvredebreuk";"2012";"Amsterdam";215
"222 Huisvredebreuk";"2013";"Amsterdam";235
"222 Huisvredebreuk";"2014";"Amsterdam";240
"222 Huisvredebreuk";"2015";"Amsterdam";255
"222 Huisvredebreuk";"2016";"Amsterdam";275
"222 Huisvredebreuk";"2017";"Amsterdam";215
"222 Huisvredebreuk";"2018";"Amsterdam";265
"222 Huisvredebreuk";"2019";"Amsterdam";265
"222 Huisvredebreuk";"2020";"Amsterdam";245
"222 Huisvredebreuk";"2021";"Amsterdam";215
"222 Huisvredebreuk";"2022*";"Amsterdam";305
"222 Huisvredebreuk";"2023*";"Amsterdam";310
"223 Lokaalvredebreuk";"2010";"Amsterdam";90
"223 Lokaalvredebreuk";"2011";"Amsterdam";80
"223 Lokaalvredebreuk";"2012";"Amsterdam";60
"223 Lokaalvredebreuk";"2013";"Amsterdam";40
"223 Lokaalvredebreuk";"2014";"Amsterdam";55
"223 Lokaalvredebreuk";"2015";"Amsterdam";75
"223 Lokaalvredebreuk";"2016";"Amsterdam";55
"223 Lokaalvredebreuk";"2017";"Amsterdam";45
"223 Lokaalvredebreuk";"2018";"Amsterdam";35
"223 Lokaalvredebreuk";"2019";"Amsterdam";45
"223 Lokaalvredebreuk";"2020";"Amsterdam";30
"223 Lokaalvredebreuk";"2021";"Amsterdam";25
"223 Lokaalvredebreuk";"2022*";"Amsterdam";45
"223 Lokaalvredebreuk";"2023*";"Amsterdam";45
"224 Computervredebreuk";"2010";"Amsterdam";70
"224 Computervredebreuk";"2011";"Amsterdam";65
"224 Computervredebreuk";"2012";"Amsterdam";110
"224 Computervredebreuk";"2013";"Amsterdam";75
"224 Computervredebreuk";"2014";"Amsterdam";105
"224 Computervredebreuk";"2015";"Amsterdam";135
"224 Computervredebreuk";"2016";"Amsterdam";200
"224 Computervredebreuk";"2017";"Amsterdam";220
"224 Computervredebreuk";"2018";"Amsterdam";315
"224 Computervredebreuk";"2019";"Amsterdam";320
"224 Computervredebreuk";"2020";"Amsterdam";810
"224 Computervredebreuk";"2021";"Amsterdam";1270
"224 Computervredebreuk";"2022*";"Amsterdam";885
"224 Computervredebreuk";"2023*";"Amsterdam";850
"225 Discriminatie";"2010";"Amsterdam";95
"225 Discriminatie";"2011";"Amsterdam";75
"225 Discriminatie";"2012";"Amsterdam";65
"225 Discriminatie";"2013";"Amsterdam";55
"225 Discriminatie";"2014";"Amsterdam";160
"225 Discriminatie";"2015";"Amsterdam";60
"225 Discriminatie";"2016";"Amsterdam";80
"225 Discriminatie";"2017";"Amsterdam";50
"225 Discriminatie";"2018";"Amsterdam";55
"225 Discriminatie";"2019";"Amsterdam";65
"225 Discriminatie";"2020";"Amsterdam";65
"225 Discriminatie";"2021";"Amsterdam";100
"225 Discriminatie";"2022*";"Amsterdam";65
"225 Discriminatie";"2023*";"Amsterdam";100
"226 Openbare orde misdrijf (overig)";"2010";"Amsterdam";1615
"226 Openbare orde misdrijf (overig)";"2011";"Amsterdam";1685
"226 Openbare orde misdrijf (overig)";"2012";"Amsterdam";240
"226 Openbare orde misdrijf (overig)";"2013";"Amsterdam";190
"226 Openbare orde misdrijf (overig)";"2014";"Amsterdam";180
"226 Openbare orde misdrijf (overig)";"2015";"Amsterdam";130
"226 Openbare orde misdrijf (overig)";"2016";"Amsterdam";140
"226 Openbare orde misdrijf (overig)";"2017";"Amsterdam";115
"226 Openbare orde misdrijf (overig)";"2018";"Amsterdam";145
"226 Openbare orde misdrijf (overig)";"2019";"Amsterdam";170
"226 Openbare orde misdrijf (overig)";"2020";"Amsterdam";125
"226 Openbare orde misdrijf (overig)";"2021";"Amsterdam";120
"226 Openbare orde misdrijf (overig)";"2022*";"Amsterdam";165
"226 Openbare orde misdrijf (overig)";"2023*";"Amsterdam";120
"23 Brandstichting / ontploffing";"2010";"Amsterdam";270
"23 Brandstichting / ontploffing";"2011";"Amsterdam";250
"23 Brandstichting / ontploffing";"2012";"Amsterdam";220
"23 Brandstichting / ontploffing";"2013";"Amsterdam";190
"23 Brandstichting / ontploffing";"2014";"Amsterdam";210
"23 Brandstichting / ontploffing";"2015";"Amsterdam";250
"23 Brandstichting / ontploffing";"2016";"Amsterdam";245
"23 Brandstichting / ontploffing";"2017";"Amsterdam";250
"23 Brandstichting / ontploffing";"2018";"Amsterdam";225
"23 Brandstichting / ontploffing";"2019";"Amsterdam";250
"23 Brandstichting / ontploffing";"2020";"Amsterdam";260
"23 Brandstichting / ontploffing";"2021";"Amsterdam";265
"23 Brandstichting / ontploffing";"2022*";"Amsterdam";295
"23 Brandstichting / ontploffing";"2023*";"Amsterdam";345
"24 Openbaar gezag misdrijf";"2010";"Amsterdam";1135
"24 Openbaar gezag misdrijf";"2011";"Amsterdam";1200
"24 Openbaar gezag misdrijf";"2012";"Amsterdam";955
"24 Openbaar gezag misdrijf";"2013";"Amsterdam";935
"24 Openbaar gezag misdrijf";"2014";"Amsterdam";965
"24 Openbaar gezag misdrijf";"2015";"Amsterdam";935
"24 Openbaar gezag misdrijf";"2016";"Amsterdam";1155
"24 Openbaar gezag misdrijf";"2017";"Amsterdam";1605
"24 Openbaar gezag misdrijf";"2018";"Amsterdam";1400
"24 Openbaar gezag misdrijf";"2019";"Amsterdam";1360
"24 Openbaar gezag misdrijf";"2020";"Amsterdam";890
"24 Openbaar gezag misdrijf";"2021";"Amsterdam";1525
"24 Openbaar gezag misdrijf";"2022*";"Amsterdam";925
"24 Openbaar gezag misdrijf";"2023*";"Amsterdam";990
"241 Niet opvolgen van ambtelijk bevel";"2010";"Amsterdam";730
"241 Niet opvolgen van ambtelijk bevel";"2011";"Amsterdam";825
"241 Niet opvolgen van ambtelijk bevel";"2012";"Amsterdam";680
"241 Niet opvolgen van ambtelijk bevel";"2013";"Amsterdam";715
"241 Niet opvolgen van ambtelijk bevel";"2014";"Amsterdam";755
"241 Niet opvolgen van ambtelijk bevel";"2015";"Amsterdam";610
"241 Niet opvolgen van ambtelijk bevel";"2016";"Amsterdam";870
"241 Niet opvolgen van ambtelijk bevel";"2017";"Amsterdam";1355
"241 Niet opvolgen van ambtelijk bevel";"2018";"Amsterdam";1090
"241 Niet opvolgen van ambtelijk bevel";"2019";"Amsterdam";1000
"241 Niet opvolgen van ambtelijk bevel";"2020";"Amsterdam";585
"241 Niet opvolgen van ambtelijk bevel";"2021";"Amsterdam";1150
"241 Niet opvolgen van ambtelijk bevel";"2022*";"Amsterdam";635
"241 Niet opvolgen van ambtelijk bevel";"2023*";"Amsterdam";710
"242 Wederspannigheid";"2010";"Amsterdam";175
"242 Wederspannigheid";"2011";"Amsterdam";170
"242 Wederspannigheid";"2012";"Amsterdam";170
"242 Wederspannigheid";"2013";"Amsterdam";130
"242 Wederspannigheid";"2014";"Amsterdam";120
"242 Wederspannigheid";"2015";"Amsterdam";95
"242 Wederspannigheid";"2016";"Amsterdam";90
"242 Wederspannigheid";"2017";"Amsterdam";110
"242 Wederspannigheid";"2018";"Amsterdam";195
"242 Wederspannigheid";"2019";"Amsterdam";205
"242 Wederspannigheid";"2020";"Amsterdam";230
"242 Wederspannigheid";"2021";"Amsterdam";225
"242 Wederspannigheid";"2022*";"Amsterdam";205
"242 Wederspannigheid";"2023*";"Amsterdam";215
"243 Valse aangifte";"2010";"Amsterdam";35
"243 Valse aangifte";"2011";"Amsterdam";20
"243 Valse aangifte";"2012";"Amsterdam";25
"243 Valse aangifte";"2013";"Amsterdam";15
"243 Valse aangifte";"2014";"Amsterdam";25
"243 Valse aangifte";"2015";"Amsterdam";25
"243 Valse aangifte";"2016";"Amsterdam";20
"243 Valse aangifte";"2017";"Amsterdam";25
"243 Valse aangifte";"2018";"Amsterdam";20
"243 Valse aangifte";"2019";"Amsterdam";30
"243 Valse aangifte";"2020";"Amsterdam";30
"243 Valse aangifte";"2021";"Amsterdam";25
"243 Valse aangifte";"2022*";"Amsterdam";15
"243 Valse aangifte";"2023*";"Amsterdam";10
"245 Verblijf ongewenste vreemdeling";"2010";"Amsterdam";175
"245 Verblijf ongewenste vreemdeling";"2011";"Amsterdam";165
"245 Verblijf ongewenste vreemdeling";"2012";"Amsterdam";75
"245 Verblijf ongewenste vreemdeling";"2013";"Amsterdam";65
"245 Verblijf ongewenste vreemdeling";"2014";"Amsterdam";55
"245 Verblijf ongewenste vreemdeling";"2015";"Amsterdam";190
"245 Verblijf ongewenste vreemdeling";"2016";"Amsterdam";155
"245 Verblijf ongewenste vreemdeling";"2017";"Amsterdam";105
"245 Verblijf ongewenste vreemdeling";"2018";"Amsterdam";90
"245 Verblijf ongewenste vreemdeling";"2019";"Amsterdam";20
"245 Verblijf ongewenste vreemdeling";"2020";"Amsterdam";10
"245 Verblijf ongewenste vreemdeling";"2021";"Amsterdam";55
"245 Verblijf ongewenste vreemdeling";"2022*";"Amsterdam";25
"245 Verblijf ongewenste vreemdeling";"2023*";"Amsterdam";25
"246 Openbaar gezag misdrijf (overig)";"2010";"Amsterdam";25
"246 Openbaar gezag misdrijf (overig)";"2011";"Amsterdam";25
"246 Openbaar gezag misdrijf (overig)";"2012";"Amsterdam";5
"246 Openbaar gezag misdrijf (overig)";"2013";"Amsterdam";10
"246 Openbaar gezag misdrijf (overig)";"2014";"Amsterdam";10
"246 Openbaar gezag misdrijf (overig)";"2015";"Amsterdam";15
"246 Openbaar gezag misdrijf (overig)";"2016";"Amsterdam";15
"246 Openbaar gezag misdrijf (overig)";"2017";"Amsterdam";10
"246 Openbaar gezag misdrijf (overig)";"2018";"Amsterdam";5
"246 Openbaar gezag misdrijf (overig)";"2019";"Amsterdam";95
"246 Openbaar gezag misdrijf (overig)";"2020";"Amsterdam";30
"246 Openbaar gezag misdrijf (overig)";"2021";"Amsterdam";70
"246 Openbaar gezag misdrijf (overig)";"2022*";"Amsterdam";45
"246 Openbaar gezag misdrijf (overig)";"2023*";"Amsterdam";35
"3 Gewelds- en seksuele misdrijven";"2010";"Amsterdam";9595
"3 Gewelds- en seksuele misdrijven";"2011";"Amsterdam";9705
"3 Gewelds- en seksuele misdrijven";"2012";"Amsterdam";9175
"3 Gewelds- en seksuele misdrijven";"2013";"Amsterdam";8590
"3 Gewelds- en seksuele misdrijven";"2014";"Amsterdam";8770
"3 Gewelds- en seksuele misdrijven";"2015";"Amsterdam";8565
"3 Gewelds- en seksuele misdrijven";"2016";"Amsterdam";8460
"3 Gewelds- en seksuele misdrijven";"2017";"Amsterdam";7835
"3 Gewelds- en seksuele misdrijven";"2018";"Amsterdam";7590
"3 Gewelds- en seksuele misdrijven";"2019";"Amsterdam";7875
"3 Gewelds- en seksuele misdrijven";"2020";"Amsterdam";7445
"3 Gewelds- en seksuele misdrijven";"2021";"Amsterdam";7035
"3 Gewelds- en seksuele misdrijven";"2022*";"Amsterdam";7600
"3 Gewelds- en seksuele misdrijven";"2023*";"Amsterdam";7460
"31 Mishandeling";"2010";"Amsterdam";4920
"31 Mishandeling";"2011";"Amsterdam";4910
"31 Mishandeling";"2012";"Amsterdam";4715
"31 Mishandeling";"2013";"Amsterdam";4345
"31 Mishandeling";"2014";"Amsterdam";4425
"31 Mishandeling";"2015";"Amsterdam";4405
"31 Mishandeling";"2016";"Amsterdam";4430
"31 Mishandeling";"2017";"Amsterdam";4185
"31 Mishandeling";"2018";"Amsterdam";3965
"31 Mishandeling";"2019";"Amsterdam";4035
"31 Mishandeling";"2020";"Amsterdam";3620
"31 Mishandeling";"2021";"Amsterdam";3280
"31 Mishandeling";"2022*";"Amsterdam";3960
"31 Mishandeling";"2023*";"Amsterdam";3975
"32 Bedreiging en stalking";"2010";"Amsterdam";3600
"32 Bedreiging en stalking";"2011";"Amsterdam";3670
"32 Bedreiging en stalking";"2012";"Amsterdam";3400
"32 Bedreiging en stalking";"2013";"Amsterdam";3250
"32 Bedreiging en stalking";"2014";"Amsterdam";3320
"32 Bedreiging en stalking";"2015";"Amsterdam";3105
"32 Bedreiging en stalking";"2016";"Amsterdam";2975
"32 Bedreiging en stalking";"2017";"Amsterdam";2655
"32 Bedreiging en stalking";"2018";"Amsterdam";2545
"32 Bedreiging en stalking";"2019";"Amsterdam";2730
"32 Bedreiging en stalking";"2020";"Amsterdam";2775
"32 Bedreiging en stalking";"2021";"Amsterdam";2590
"32 Bedreiging en stalking";"2022*";"Amsterdam";2330
"32 Bedreiging en stalking";"2023*";"Amsterdam";2230
"321 Bedreiging";"2010";"Amsterdam";3330
"321 Bedreiging";"2011";"Amsterdam";3385
"321 Bedreiging";"2012";"Amsterdam";3100
"321 Bedreiging";"2013";"Amsterdam";2925
"321 Bedreiging";"2014";"Amsterdam";2945
"321 Bedreiging";"2015";"Amsterdam";2820
"321 Bedreiging";"2016";"Amsterdam";2725
"321 Bedreiging";"2017";"Amsterdam";2395
"321 Bedreiging";"2018";"Amsterdam";2280
"321 Bedreiging";"2019";"Amsterdam";2360
"321 Bedreiging";"2020";"Amsterdam";2400
"321 Bedreiging";"2021";"Amsterdam";2205
"321 Bedreiging";"2022*";"Amsterdam";2020
"321 Bedreiging";"2023*";"Amsterdam";1915
"322 Stalking";"2010";"Amsterdam";270
"322 Stalking";"2011";"Amsterdam";285
"322 Stalking";"2012";"Amsterdam";300
"322 Stalking";"2013";"Amsterdam";325
"322 Stalking";"2014";"Amsterdam";375
"322 Stalking";"2015";"Amsterdam";280
"322 Stalking";"2016";"Amsterdam";250
"322 Stalking";"2017";"Amsterdam";255
"322 Stalking";"2018";"Amsterdam";265
"322 Stalking";"2019";"Amsterdam";370
"322 Stalking";"2020";"Amsterdam";375
"322 Stalking";"2021";"Amsterdam";380
"322 Stalking";"2022*";"Amsterdam";310
"322 Stalking";"2023*";"Amsterdam";315
"33 Seksueel misdrijf";"2010";"Amsterdam";435
"33 Seksueel misdrijf";"2011";"Amsterdam";520
"33 Seksueel misdrijf";"2012";"Amsterdam";500
"33 Seksueel misdrijf";"2013";"Amsterdam";475
"33 Seksueel misdrijf";"2014";"Amsterdam";500
"33 Seksueel misdrijf";"2015";"Amsterdam";550
"33 Seksueel misdrijf";"2016";"Amsterdam";570
"33 Seksueel misdrijf";"2017";"Amsterdam";575
"33 Seksueel misdrijf";"2018";"Amsterdam";625
"33 Seksueel misdrijf";"2019";"Amsterdam";620
"33 Seksueel misdrijf";"2020";"Amsterdam";575
"33 Seksueel misdrijf";"2021";"Amsterdam";665
"33 Seksueel misdrijf";"2022*";"Amsterdam";790
"33 Seksueel misdrijf";"2023*";"Amsterdam";725
"331 Aanranding";"2010";"Amsterdam";190
"331 Aanranding";"2011";"Amsterdam";220
"331 Aanranding";"2012";"Amsterdam";175
"331 Aanranding";"2013";"Amsterdam";165
"331 Aanranding";"2014";"Amsterdam";180
"331 Aanranding";"2015";"Amsterdam";165
"331 Aanranding";"2016";"Amsterdam";250
"331 Aanranding";"2017";"Amsterdam";240
"331 Aanranding";"2018";"Amsterdam";245
"331 Aanranding";"2019";"Amsterdam";265
"331 Aanranding";"2020";"Amsterdam";190
"331 Aanranding";"2021";"Amsterdam";215
"331 Aanranding";"2022*";"Amsterdam";300
"331 Aanranding";"2023*";"Amsterdam";285
"332 Verkrachting";"2010";"Amsterdam";85
"332 Verkrachting";"2011";"Amsterdam";110
"332 Verkrachting";"2012";"Amsterdam";100
"332 Verkrachting";"2013";"Amsterdam";105
"332 Verkrachting";"2014";"Amsterdam";105
"332 Verkrachting";"2015";"Amsterdam";145
"332 Verkrachting";"2016";"Amsterdam";150
"332 Verkrachting";"2017";"Amsterdam";160
"332 Verkrachting";"2018";"Amsterdam";195
"332 Verkrachting";"2019";"Amsterdam";185
"332 Verkrachting";"2020";"Amsterdam";180
"332 Verkrachting";"2021";"Amsterdam";225
"332 Verkrachting";"2022*";"Amsterdam";275
"332 Verkrachting";"2023*";"Amsterdam";230
"333 Schennis der eerbaarheid";"2010";"Amsterdam";75
"333 Schennis der eerbaarheid";"2011";"Amsterdam";85
"333 Schennis der eerbaarheid";"2012";"Amsterdam";100
"333 Schennis der eerbaarheid";"2013";"Amsterdam";90
"333 Schennis der eerbaarheid";"2014";"Amsterdam";105
"333 Schennis der eerbaarheid";"2015";"Amsterdam";105
"333 Schennis der eerbaarheid";"2016";"Amsterdam";80
"333 Schennis der eerbaarheid";"2017";"Amsterdam";55
"333 Schennis der eerbaarheid";"2018";"Amsterdam";70
"333 Schennis der eerbaarheid";"2019";"Amsterdam";70
"333 Schennis der eerbaarheid";"2020";"Amsterdam";105
"333 Schennis der eerbaarheid";"2021";"Amsterdam";90
"333 Schennis der eerbaarheid";"2022*";"Amsterdam";90
"333 Schennis der eerbaarheid";"2023*";"Amsterdam";100
"334 Ontucht met minderjarige";"2010";"Amsterdam";30
"334 Ontucht met minderjarige";"2011";"Amsterdam";50
"334 Ontucht met minderjarige";"2012";"Amsterdam";45
"334 Ontucht met minderjarige";"2013";"Amsterdam";45
"334 Ontucht met minderjarige";"2014";"Amsterdam";45
"334 Ontucht met minderjarige";"2015";"Amsterdam";40
"334 Ontucht met minderjarige";"2016";"Amsterdam";40
"334 Ontucht met minderjarige";"2017";"Amsterdam";45
"334 Ontucht met minderjarige";"2018";"Amsterdam";50
"334 Ontucht met minderjarige";"2019";"Amsterdam";40
"334 Ontucht met minderjarige";"2020";"Amsterdam";40
"334 Ontucht met minderjarige";"2021";"Amsterdam";40
"334 Ontucht met minderjarige";"2022*";"Amsterdam";35
"334 Ontucht met minderjarige";"2023*";"Amsterdam";25
"335 Pornografie";"2010";"Amsterdam";25
"335 Pornografie";"2011";"Amsterdam";15
"335 Pornografie";"2012";"Amsterdam";35
"335 Pornografie";"2013";"Amsterdam";30
"335 Pornografie";"2014";"Amsterdam";20
"335 Pornografie";"2015";"Amsterdam";40
"335 Pornografie";"2016";"Amsterdam";20
"335 Pornografie";"2017";"Amsterdam";20
"335 Pornografie";"2018";"Amsterdam";10
"335 Pornografie";"2019";"Amsterdam";15
"335 Pornografie";"2020";"Amsterdam";15
"335 Pornografie";"2021";"Amsterdam";25
"335 Pornografie";"2022*";"Amsterdam";25
"335 Pornografie";"2023*";"Amsterdam";20
"336 Ontucht met misbruik van gezag";"2010";"Amsterdam";15
"336 Ontucht met misbruik van gezag";"2011";"Amsterdam";10
"336 Ontucht met misbruik van gezag";"2012";"Amsterdam";10
"336 Ontucht met misbruik van gezag";"2013";"Amsterdam";10
"336 Ontucht met misbruik van gezag";"2014";"Amsterdam";10
"336 Ontucht met misbruik van gezag";"2015";"Amsterdam";20
"336 Ontucht met misbruik van gezag";"2016";"Amsterdam";10
"336 Ontucht met misbruik van gezag";"2017";"Amsterdam";25
"336 Ontucht met misbruik van gezag";"2018";"Amsterdam";15
"336 Ontucht met misbruik van gezag";"2019";"Amsterdam";30
"336 Ontucht met misbruik van gezag";"2020";"Amsterdam";25
"336 Ontucht met misbruik van gezag";"2021";"Amsterdam";40
"336 Ontucht met misbruik van gezag";"2022*";"Amsterdam";35
"336 Ontucht met misbruik van gezag";"2023*";"Amsterdam";15
"337 Seksueel misdrijf (overig)";"2010";"Amsterdam";15
"337 Seksueel misdrijf (overig)";"2011";"Amsterdam";30
"337 Seksueel misdrijf (overig)";"2012";"Amsterdam";25
"337 Seksueel misdrijf (overig)";"2013";"Amsterdam";30
"337 Seksueel misdrijf (overig)";"2014";"Amsterdam";35
"337 Seksueel misdrijf (overig)";"2015";"Amsterdam";35
"337 Seksueel misdrijf (overig)";"2016";"Amsterdam";20
"337 Seksueel misdrijf (overig)";"2017";"Amsterdam";30
"337 Seksueel misdrijf (overig)";"2018";"Amsterdam";40
"337 Seksueel misdrijf (overig)";"2019";"Amsterdam";10
"337 Seksueel misdrijf (overig)";"2020";"Amsterdam";20
"337 Seksueel misdrijf (overig)";"2021";"Amsterdam";25
"337 Seksueel misdrijf (overig)";"2022*";"Amsterdam";40
"337 Seksueel misdrijf (overig)";"2023*";"Amsterdam";45
"34 Levensmisdrijf";"2010";"Amsterdam";450
"34 Levensmisdrijf";"2011";"Amsterdam";435
"34 Levensmisdrijf";"2012";"Amsterdam";390
"34 Levensmisdrijf";"2013";"Amsterdam";375
"34 Levensmisdrijf";"2014";"Amsterdam";360
"34 Levensmisdrijf";"2015";"Amsterdam";345
"34 Levensmisdrijf";"2016";"Amsterdam";310
"34 Levensmisdrijf";"2017";"Amsterdam";270
"34 Levensmisdrijf";"2018";"Amsterdam";285
"34 Levensmisdrijf";"2019";"Amsterdam";295
"34 Levensmisdrijf";"2020";"Amsterdam";295
"34 Levensmisdrijf";"2021";"Amsterdam";285
"34 Levensmisdrijf";"2022*";"Amsterdam";325
"34 Levensmisdrijf";"2023*";"Amsterdam";305
"35 Vrijheidsbeneming/gijzeling";"2010";"Amsterdam";90
"35 Vrijheidsbeneming/gijzeling";"2011";"Amsterdam";60
"35 Vrijheidsbeneming/gijzeling";"2012";"Amsterdam";70
"35 Vrijheidsbeneming/gijzeling";"2013";"Amsterdam";70
"35 Vrijheidsbeneming/gijzeling";"2014";"Amsterdam";50
"35 Vrijheidsbeneming/gijzeling";"2015";"Amsterdam";55
"35 Vrijheidsbeneming/gijzeling";"2016";"Amsterdam";60
"35 Vrijheidsbeneming/gijzeling";"2017";"Amsterdam";60
"35 Vrijheidsbeneming/gijzeling";"2018";"Amsterdam";50
"35 Vrijheidsbeneming/gijzeling";"2019";"Amsterdam";60
"35 Vrijheidsbeneming/gijzeling";"2020";"Amsterdam";75
"35 Vrijheidsbeneming/gijzeling";"2021";"Amsterdam";65
"35 Vrijheidsbeneming/gijzeling";"2022*";"Amsterdam";75
"35 Vrijheidsbeneming/gijzeling";"2023*";"Amsterdam";75
"36 Mensenhandel en 244 mensensmokkel";"2010";"Amsterdam";75
"36 Mensenhandel en 244 mensensmokkel";"2011";"Amsterdam";70
"36 Mensenhandel en 244 mensensmokkel";"2012";"Amsterdam";70
"36 Mensenhandel en 244 mensensmokkel";"2013";"Amsterdam";50
"36 Mensenhandel en 244 mensensmokkel";"2014";"Amsterdam";85
"36 Mensenhandel en 244 mensensmokkel";"2015";"Amsterdam";80
"36 Mensenhandel en 244 mensensmokkel";"2016";"Amsterdam";90
"36 Mensenhandel en 244 mensensmokkel";"2017";"Amsterdam";65
"36 Mensenhandel en 244 mensensmokkel";"2018";"Amsterdam";90
"36 Mensenhandel en 244 mensensmokkel";"2019";"Amsterdam";90
"36 Mensenhandel en 244 mensensmokkel";"2020";"Amsterdam";60
"36 Mensenhandel en 244 mensensmokkel";"2021";"Amsterdam";100
"36 Mensenhandel en 244 mensensmokkel";"2022*";"Amsterdam";85
"36 Mensenhandel en 244 mensensmokkel";"2023*";"Amsterdam";90
"37 Geweldsmisdrijf (overig)";"2010";"Amsterdam";25
"37 Geweldsmisdrijf (overig)";"2011";"Amsterdam";35
"37 Geweldsmisdrijf (overig)";"2012";"Amsterdam";30
"37 Geweldsmisdrijf (overig)";"2013";"Amsterdam";20
"37 Geweldsmisdrijf (overig)";"2014";"Amsterdam";25
"37 Geweldsmisdrijf (overig)";"2015";"Amsterdam";30
"37 Geweldsmisdrijf (overig)";"2016";"Amsterdam";30
"37 Geweldsmisdrijf (overig)";"2017";"Amsterdam";20
"37 Geweldsmisdrijf (overig)";"2018";"Amsterdam";30
"37 Geweldsmisdrijf (overig)";"2019";"Amsterdam";45
"37 Geweldsmisdrijf (overig)";"2020";"Amsterdam";45
"37 Geweldsmisdrijf (overig)";"2021";"Amsterdam";55
"37 Geweldsmisdrijf (overig)";"2022*";"Amsterdam";40
"37 Geweldsmisdrijf (overig)";"2023*";"Amsterdam";60
"4 Misdrijven WvSr (overig)";"2010";"Amsterdam";1005
"4 Misdrijven WvSr (overig)";"2011";"Amsterdam";1065
"4 Misdrijven WvSr (overig)";"2012";"Amsterdam";890
"4 Misdrijven WvSr (overig)";"2013";"Amsterdam";860
"4 Misdrijven WvSr (overig)";"2014";"Amsterdam";895
"4 Misdrijven WvSr (overig)";"2015";"Amsterdam";815
"4 Misdrijven WvSr (overig)";"2016";"Amsterdam";885
"4 Misdrijven WvSr (overig)";"2017";"Amsterdam";865
"4 Misdrijven WvSr (overig)";"2018";"Amsterdam";1000
"4 Misdrijven WvSr (overig)";"2019";"Amsterdam";1210
"4 Misdrijven WvSr (overig)";"2020";"Amsterdam";1330
"4 Misdrijven WvSr (overig)";"2021";"Amsterdam";1250
"4 Misdrijven WvSr (overig)";"2022*";"Amsterdam";1160
"4 Misdrijven WvSr (overig)";"2023*";"Amsterdam";1030
"5 Verkeersmisdrijven";"2010";"Amsterdam";6950
"5 Verkeersmisdrijven";"2011";"Amsterdam";7760
"5 Verkeersmisdrijven";"2012";"Amsterdam";7355
"5 Verkeersmisdrijven";"2013";"Amsterdam";7095
"5 Verkeersmisdrijven";"2014";"Amsterdam";6680
"5 Verkeersmisdrijven";"2015";"Amsterdam";6460
"5 Verkeersmisdrijven";"2016";"Amsterdam";6900
"5 Verkeersmisdrijven";"2017";"Amsterdam";7185
"5 Verkeersmisdrijven";"2018";"Amsterdam";7190
"5 Verkeersmisdrijven";"2019";"Amsterdam";7160
"5 Verkeersmisdrijven";"2020";"Amsterdam";6525
"5 Verkeersmisdrijven";"2021";"Amsterdam";7025
"5 Verkeersmisdrijven";"2022*";"Amsterdam";8200
"5 Verkeersmisdrijven";"2023*";"Amsterdam";8070
"51 Verlaten plaats ongeval";"2010";"Amsterdam";3425
"51 Verlaten plaats ongeval";"2011";"Amsterdam";3830
"51 Verlaten plaats ongeval";"2012";"Amsterdam";3825
"51 Verlaten plaats ongeval";"2013";"Amsterdam";4150
"51 Verlaten plaats ongeval";"2014";"Amsterdam";3860
"51 Verlaten plaats ongeval";"2015";"Amsterdam";4070
"51 Verlaten plaats ongeval";"2016";"Amsterdam";4610
"51 Verlaten plaats ongeval";"2017";"Amsterdam";4980
"51 Verlaten plaats ongeval";"2018";"Amsterdam";5105
"51 Verlaten plaats ongeval";"2019";"Amsterdam";4860
"51 Verlaten plaats ongeval";"2020";"Amsterdam";4380
"51 Verlaten plaats ongeval";"2021";"Amsterdam";4510
"51 Verlaten plaats ongeval";"2022*";"Amsterdam";5070
"51 Verlaten plaats ongeval";"2023*";"Amsterdam";4825
"52 Rijden onder invloed";"2010";"Amsterdam";2760
"52 Rijden onder invloed";"2011";"Amsterdam";3210
"52 Rijden onder invloed";"2012";"Amsterdam";2825
"52 Rijden onder invloed";"2013";"Amsterdam";2170
"52 Rijden onder invloed";"2014";"Amsterdam";2000
"52 Rijden onder invloed";"2015";"Amsterdam";1700
"52 Rijden onder invloed";"2016";"Amsterdam";1550
"52 Rijden onder invloed";"2017";"Amsterdam";1520
"52 Rijden onder invloed";"2018";"Amsterdam";1445
"52 Rijden onder invloed";"2019";"Amsterdam";1570
"52 Rijden onder invloed";"2020";"Amsterdam";1290
"52 Rijden onder invloed";"2021";"Amsterdam";1600
"52 Rijden onder invloed";"2022*";"Amsterdam";2070
"52 Rijden onder invloed";"2023*";"Amsterdam";2220
"53 Rijden tijdens ontzegging besturen";"2010";"Amsterdam";240
"53 Rijden tijdens ontzegging besturen";"2011";"Amsterdam";215
"53 Rijden tijdens ontzegging besturen";"2012";"Amsterdam";335
"53 Rijden tijdens ontzegging besturen";"2013";"Amsterdam";395
"53 Rijden tijdens ontzegging besturen";"2014";"Amsterdam";445
"53 Rijden tijdens ontzegging besturen";"2015";"Amsterdam";345
"53 Rijden tijdens ontzegging besturen";"2016";"Amsterdam";380
"53 Rijden tijdens ontzegging besturen";"2017";"Amsterdam";335
"53 Rijden tijdens ontzegging besturen";"2018";"Amsterdam";315
"53 Rijden tijdens ontzegging besturen";"2019";"Amsterdam";390
"53 Rijden tijdens ontzegging besturen";"2020";"Amsterdam";500
"53 Rijden tijdens ontzegging besturen";"2021";"Amsterdam";490
"53 Rijden tijdens ontzegging besturen";"2022*";"Amsterdam";530
"53 Rijden tijdens ontzegging besturen";"2023*";"Amsterdam";530
"54 Rijden tijdens rijverbod";"2010";"Amsterdam";10
"54 Rijden tijdens rijverbod";"2011";"Amsterdam";15
"54 Rijden tijdens rijverbod";"2012";"Amsterdam";15
"54 Rijden tijdens rijverbod";"2013";"Amsterdam";10
"54 Rijden tijdens rijverbod";"2014";"Amsterdam";15
"54 Rijden tijdens rijverbod";"2015";"Amsterdam";5
"54 Rijden tijdens rijverbod";"2016";"Amsterdam";10
"54 Rijden tijdens rijverbod";"2017";"Amsterdam";10
"54 Rijden tijdens rijverbod";"2018";"Amsterdam";10
"54 Rijden tijdens rijverbod";"2019";"Amsterdam";10
"54 Rijden tijdens rijverbod";"2020";"Amsterdam";15
"54 Rijden tijdens rijverbod";"2021";"Amsterdam";20
"54 Rijden tijdens rijverbod";"2022*";"Amsterdam";15
"54 Rijden tijdens rijverbod";"2023*";"Amsterdam";10
"55 Voeren vals kenteken";"2010";"Amsterdam";50
"55 Voeren vals kenteken";"2011";"Amsterdam";60
"55 Voeren vals kenteken";"2012";"Amsterdam";40
"55 Voeren vals kenteken";"2013";"Amsterdam";35
"55 Voeren vals kenteken";"2014";"Amsterdam";45
"55 Voeren vals kenteken";"2015";"Amsterdam";50
"55 Voeren vals kenteken";"2016";"Amsterdam";60
"55 Voeren vals kenteken";"2017";"Amsterdam";50
"55 Voeren vals kenteken";"2018";"Amsterdam";50
"55 Voeren vals kenteken";"2019";"Amsterdam";55
"55 Voeren vals kenteken";"2020";"Amsterdam";60
"55 Voeren vals kenteken";"2021";"Amsterdam";80
"55 Voeren vals kenteken";"2022*";"Amsterdam";130
"55 Voeren vals kenteken";"2023*";"Amsterdam";120
"56 Joyriding";"2010";"Amsterdam";20
"56 Joyriding";"2011";"Amsterdam";15
"56 Joyriding";"2012";"Amsterdam";10
"56 Joyriding";"2013";"Amsterdam";20
"56 Joyriding";"2014";"Amsterdam";20
"56 Joyriding";"2015";"Amsterdam";15
"56 Joyriding";"2016";"Amsterdam";15
"56 Joyriding";"2017";"Amsterdam";15
"56 Joyriding";"2018";"Amsterdam";10
"56 Joyriding";"2019";"Amsterdam";10
"56 Joyriding";"2020";"Amsterdam";10
"56 Joyriding";"2021";"Amsterdam";10
"56 Joyriding";"2022*";"Amsterdam";10
"56 Joyriding";"2023*";"Amsterdam";10
"57 Weigeren blaastest/bloedonderzoek ed";"2010";"Amsterdam";10
"57 Weigeren blaastest/bloedonderzoek ed";"2011";"Amsterdam";5
"57 Weigeren blaastest/bloedonderzoek ed";"2012";"Amsterdam";5
"57 Weigeren blaastest/bloedonderzoek ed";"2013";"Amsterdam";15
"57 Weigeren blaastest/bloedonderzoek ed";"2014";"Amsterdam";15
"57 Weigeren blaastest/bloedonderzoek ed";"2015";"Amsterdam";5
"57 Weigeren blaastest/bloedonderzoek ed";"2016";"Amsterdam";10
"57 Weigeren blaastest/bloedonderzoek ed";"2017";"Amsterdam";5
"57 Weigeren blaastest/bloedonderzoek ed";"2018";"Amsterdam";10
"57 Weigeren blaastest/bloedonderzoek ed";"2019";"Amsterdam";15
"57 Weigeren blaastest/bloedonderzoek ed";"2020";"Amsterdam";10
"57 Weigeren blaastest/bloedonderzoek ed";"2021";"Amsterdam";35
"57 Weigeren blaastest/bloedonderzoek ed";"2022*";"Amsterdam";85
"57 Weigeren blaastest/bloedonderzoek ed";"2023*";"Amsterdam";125
"58 Verkeersmisdrijf (overig)";"2010";"Amsterdam";430
"58 Verkeersmisdrijf (overig)";"2011";"Amsterdam";410
"58 Verkeersmisdrijf (overig)";"2012";"Amsterdam";295
"58 Verkeersmisdrijf (overig)";"2013";"Amsterdam";300
"58 Verkeersmisdrijf (overig)";"2014";"Amsterdam";285
"58 Verkeersmisdrijf (overig)";"2015";"Amsterdam";270
"58 Verkeersmisdrijf (overig)";"2016";"Amsterdam";260
"58 Verkeersmisdrijf (overig)";"2017";"Amsterdam";265
"58 Verkeersmisdrijf (overig)";"2018";"Amsterdam";245
"58 Verkeersmisdrijf (overig)";"2019";"Amsterdam";245
"58 Verkeersmisdrijf (overig)";"2020";"Amsterdam";255
"58 Verkeersmisdrijf (overig)";"2021";"Amsterdam";280
"58 Verkeersmisdrijf (overig)";"2022*";"Amsterdam";280
"58 Verkeersmisdrijf (overig)";"2023*";"Amsterdam";230
"6 Drugsmisdrijven";"2010";"Amsterdam";1355
"6 Drugsmisdrijven";"2011";"Amsterdam";1380
"6 Drugsmisdrijven";"2012";"Amsterdam";1360
"6 Drugsmisdrijven";"2013";"Amsterdam";1470
"6 Drugsmisdrijven";"2014";"Amsterdam";1600
"6 Drugsmisdrijven";"2015";"Amsterdam";1595
"6 Drugsmisdrijven";"2016";"Amsterdam";1350
"6 Drugsmisdrijven";"2017";"Amsterdam";1280
"6 Drugsmisdrijven";"2018";"Amsterdam";1340
"6 Drugsmisdrijven";"2019";"Amsterdam";1425
"6 Drugsmisdrijven";"2020";"Amsterdam";985
"6 Drugsmisdrijven";"2021";"Amsterdam";930
"6 Drugsmisdrijven";"2022*";"Amsterdam";1265
"6 Drugsmisdrijven";"2023*";"Amsterdam";1550
"61 Harddrugs";"2010";"Amsterdam";975
"61 Harddrugs";"2011";"Amsterdam";890
"61 Harddrugs";"2012";"Amsterdam";965
"61 Harddrugs";"2013";"Amsterdam";1000
"61 Harddrugs";"2014";"Amsterdam";1190
"61 Harddrugs";"2015";"Amsterdam";1205
"61 Harddrugs";"2016";"Amsterdam";1010
"61 Harddrugs";"2017";"Amsterdam";985
"61 Harddrugs";"2018";"Amsterdam";1050
"61 Harddrugs";"2019";"Amsterdam";1130
"61 Harddrugs";"2020";"Amsterdam";700
"61 Harddrugs";"2021";"Amsterdam";650
"61 Harddrugs";"2022*";"Amsterdam";1040
"61 Harddrugs";"2023*";"Amsterdam";1230
"62 Softdrugs";"2010";"Amsterdam";355
"62 Softdrugs";"2011";"Amsterdam";450
"62 Softdrugs";"2012";"Amsterdam";380
"62 Softdrugs";"2013";"Amsterdam";460
"62 Softdrugs";"2014";"Amsterdam";400
"62 Softdrugs";"2015";"Amsterdam";380
"62 Softdrugs";"2016";"Amsterdam";315
"62 Softdrugs";"2017";"Amsterdam";280
"62 Softdrugs";"2018";"Amsterdam";285
"62 Softdrugs";"2019";"Amsterdam";285
"62 Softdrugs";"2020";"Amsterdam";275
"62 Softdrugs";"2021";"Amsterdam";280
"62 Softdrugs";"2022*";"Amsterdam";220
"62 Softdrugs";"2023*";"Amsterdam";315
"6.3 Drugsmisdrijf (overig)";"2010";"Amsterdam";25
"6.3 Drugsmisdrijf (overig)";"2011";"Amsterdam";40
"6.3 Drugsmisdrijf (overig)";"2012";"Amsterdam";15
"6.3 Drugsmisdrijf (overig)";"2013";"Amsterdam";10
"6.3 Drugsmisdrijf (overig)";"2014";"Amsterdam";10
"6.3 Drugsmisdrijf (overig)";"2015";"Amsterdam";15
"6.3 Drugsmisdrijf (overig)";"2016";"Amsterdam";25
"6.3 Drugsmisdrijf (overig)";"2017";"Amsterdam";15
"6.3 Drugsmisdrijf (overig)";"2018";"Amsterdam";10
"6.3 Drugsmisdrijf (overig)";"2019";"Amsterdam";10
"6.3 Drugsmisdrijf (overig)";"2020";"Amsterdam";10
"6.3 Drugsmisdrijf (overig)";"2021";"Amsterdam";5
"6.3 Drugsmisdrijf (overig)";"2022*";"Amsterdam";5
"6.3 Drugsmisdrijf (overig)";"2023*";"Amsterdam";10
"7 Vuurwapenmisdrijven";"2010";"Amsterdam";460
"7 Vuurwapenmisdrijven";"2011";"Amsterdam";775
"7 Vuurwapenmisdrijven";"2012";"Amsterdam";810
"7 Vuurwapenmisdrijven";"2013";"Amsterdam";515
"7 Vuurwapenmisdrijven";"2014";"Amsterdam";470
"7 Vuurwapenmisdrijven";"2015";"Amsterdam";530
"7 Vuurwapenmisdrijven";"2016";"Amsterdam";570
"7 Vuurwapenmisdrijven";"2017";"Amsterdam";490
"7 Vuurwapenmisdrijven";"2018";"Amsterdam";520
"7 Vuurwapenmisdrijven";"2019";"Amsterdam";555
"7 Vuurwapenmisdrijven";"2020";"Amsterdam";485
"7 Vuurwapenmisdrijven";"2021";"Amsterdam";505
"7 Vuurwapenmisdrijven";"2022*";"Amsterdam";435
"7 Vuurwapenmisdrijven";"2023*";"Amsterdam";420
"9 Misdrijven overige wetten";"2010";"Amsterdam";245
"9 Misdrijven overige wetten";"2011";"Amsterdam";185
"9 Misdrijven overige wetten";"2012";"Amsterdam";220
"9 Misdrijven overige wetten";"2013";"Amsterdam";210
"9 Misdrijven overige wetten";"2014";"Amsterdam";240
"9 Misdrijven overige wetten";"2015";"Amsterdam";220
"9 Misdrijven overige wetten";"2016";"Amsterdam";180
"9 Misdrijven overige wetten";"2017";"Amsterdam";170
"9 Misdrijven overige wetten";"2018";"Amsterdam";220
"9 Misdrijven overige wetten";"2019";"Amsterdam";250
"9 Misdrijven overige wetten";"2020";"Amsterdam";205
"9 Misdrijven overige wetten";"2021";"Amsterdam";235
"9 Misdrijven overige wetten";"2022*";"Amsterdam";270
"9 Misdrijven overige wetten";"2023*";"Amsterdam";275
"91 Militaire misdrijven";"2010";"Amsterdam";0
"91 Militaire misdrijven";"2011";"Amsterdam";0
"91 Militaire misdrijven";"2012";"Amsterdam";10
"91 Militaire misdrijven";"2013";"Amsterdam";5
"91 Militaire misdrijven";"2014";"Amsterdam";0
"91 Militaire misdrijven";"2015";"Amsterdam";0
"91 Militaire misdrijven";"2016";"Amsterdam";0
"91 Militaire misdrijven";"2017";"Amsterdam";0
"91 Militaire misdrijven";"2018";"Amsterdam";0
"91 Militaire misdrijven";"2019";"Amsterdam";0
"91 Militaire misdrijven";"2020";"Amsterdam";0
"91 Militaire misdrijven";"2021";"Amsterdam";0
"91 Militaire misdrijven";"2022*";"Amsterdam";0
"91 Militaire misdrijven";"2023*";"Amsterdam";0
"92 Misdrijven (overig)";"2010";"Amsterdam";245
"92 Misdrijven (overig)";"2011";"Amsterdam";185
"92 Misdrijven (overig)";"2012";"Amsterdam";215
"92 Misdrijven (overig)";"2013";"Amsterdam";205
"92 Misdrijven (overig)";"2014";"Amsterdam";240
"92 Misdrijven (overig)";"2015";"Amsterdam";220
"92 Misdrijven (overig)";"2016";"Amsterdam";180
"92 Misdrijven (overig)";"2017";"Amsterdam";170
"92 Misdrijven (overig)";"2018";"Amsterdam";220
"92 Misdrijven (overig)";"2019";"Amsterdam";250
"92 Misdrijven (overig)";"2020";"Amsterdam";205
"92 Misdrijven (overig)";"2021";"Amsterdam";235
"92 Misdrijven (overig)";"2022*";"Amsterdam";270
"92 Misdrijven (overig)";"2023*";"Amsterdam";275
